sample_ind,rho,sim_steps
1,3.0679743887270217,3209
2,2.6109427873292645,3182
3,3.1593481246109665,3195
4,-0.04170509944491396,476
5,2.571950951750811,3200
