sample_ind,rho,sim_steps
1,-0.07767645027545633,843
2,3.755969777289314,1204
3,4.127638913033236,1226
4,2.692707231609269,1218
5,4.289951352745353,1204
