sample_ind,rho,sim_steps
26,3.969803425986708,930
27,2.2415058261758816,921
28,3.9453028951776723,930
29,-0.048289871945465634,375
30,3.8685951753802588,928
