sample_ind,rho,sim_steps
21,2.233233209484254,675
22,2.2574660303119973,667
23,4.588437853629216,680
24,-0.11501895323646227,440
25,4.606641425112697,680
