sample_ind,rho,sim_steps
11,2.231954337149981,1122
12,4.3835043736060335,1121
13,4.382748111039776,1122
14,4.384027545961432,1122
15,2.215382381380964,1122
