sample_ind,rho,sim_steps
16,4.696977301378636,703
17,4.691677327645481,704
18,2.21575489745765,697
19,4.741332275008327,704
20,4.729225381452164,703
