sample_ind,rho,sim_steps
6,-0.07779676513943823,470
7,-0.05345528383440268,285
8,3.629173036373558,1209
9,2.0383679978377334,1204
10,-0.04595147125514032,475
