sample_ind,rho,sim_steps
1,3.080109864299379,2010
2,3.2109214062945366,1729
3,2.643823306622739,1995
4,2.6976916008015444,2013
5,3.9421469369823345,1999
