sample_ind,rho,sim_steps
6,3.954975003247549,931
7,-0.07537240741032925,460
8,2.867675467052611,944
9,3.150690851273401,919
10,2.953150725118782,942
