sample_ind,rho,sim_steps
16,-0.03478120678671637,568
17,3.5764599801274812,702
18,2.96209857909926,698
19,4.384746988574783,703
20,2.9035989179324773,697
