sample_ind,rho,sim_steps
1,4.031137351897591,1102
2,3.935365897133714,1102
3,3.351440535442114,1096
4,3.313024558865548,1088
5,2.7476815590921984,1093
