sample_ind,rho,sim_steps
11,4.638970327902777,679
12,4.377303029764484,673
13,4.207265790341708,663
14,3.5747927791243423,685
15,3.49052325279208,684
